{
  "structures": [
    {
      "structure": "additionalstructures:suspicious_sand_patch_1",
      "weight": 1
    },
    {
      "structure": "additionalstructures:suspicious_sand_patch_2",
      "weight": 1
    },
    {
      "structure": "additionalstructures:suspicious_sand_patch_3",
      "weight": 1
    },
    {
      "structure": "additionalstructures:suspicious_sand_patch_4",
      "weight": 1
    },
    {
      "structure": "additionalstructures:suspicious_gravel_patch_1",
      "weight": 1
    },
    {
      "structure": "additionalstructures:suspicious_gravel_patch_2",
      "weight": 1
    }
  ],
  "placement": {
    "type": "minecraft:random_spread",
    "spacing": 90,
    "separation": 70,
    "salt": 11390023
  }
}
